"Topic 1","Topic 2","Topic 3","Topic 4","Topic 5","Topic 6","Topic 7","Topic 8","Topic 9","Topic 10","Topic 11","Topic 12"
"media","hastac","univers","learn","digit","sound","learn","student","cultur","publish","onlin","confer"
"social","scholar","research","design","human","space","cours","write","studi","public","inform","paper"
"twitter","project","center","digit","comput","video","chang","teach","american","digit","content","workshop"
"network","communiti","studi","system","technolog","visual","class","class","histori","journal","internet","propos"
"facebook","collabor","institut","develop","scienc","project","world","school","polit","archiv","googl","research"
"tweet","forum","program","media","research","perform","student","cours","black","access","access","intern"
"video","discuss","professor","competit","project","experi","futur","teacher","media","academ","websit","particip"
"public","convers","applic","project","knowledg","artist","davidson","classroom","queer","scholar","search","inform"
"comment","particip","media","technolog","social","music","knowledg","colleg","critic","librari","wikipedia","relat"
"communic","dissert","faculti","youth","humanist","interact","collabor","technolog","theori","review","network","email"
"event","learn","inform","innov","scholar","world","institut","experi","novel","collect","manag","posit"
"discuss","event","scienc","skill","practic","virtual","attent","learn","gender","research","share","technolog"
"academ","share","communic","foundat","program","design","public","discuss","technolog","scholarship","sourc","event"
"share","network","graduat","communiti","studi","museum","experi","skill","women","materi","communiti","symposium"
"polit","organ","teach","school","literatur","record","scienc","grade","white","univers","cours","global"
"comic","write","school","mobil","histori","technolog","cathi","languag","histor","print","relat","network"
"practic","comment","develop","collabor","develop","exhibit","teach","engag","social","author","common","deadlin"
"livetweet","academ","technolog","network","languag","memori","brain","graduat","world","press","connect","organ"
"youtub","program","colleg","mozilla","disciplin","creativ","lectur","english","literatur","write","review","author"
"internet","student","nation","particip","softwar","listen","centuri","rhetor","african","ethic","collect","discuss"
"chang","technolog","posit","program","collabor","process","assess","paper","nation","intellectu","divid","communiti"
"activ","thatcamp","student","world","analysi","interfac","author","program","feminist","product","materi","special"
"report","graduat","california","assess","inform","histori","discuss","process","ident","model","softwar","develop"
"particip","engag","associ","social","english","environ","univers","children","product","preserv","communic","public"
"email","opportun","assist","winner","network","narrat","evalu","literaci","write","databas","develop","process"
"audienc","websit","cultur","engag","machin","digit","david","pedagogi","practic","tenur","knowledg","social"
"communiti","unconfer","public","award","critic","cultur","interact","develop","econom","process","survey","manag"
"privaci","digit","academ","nation","cours","practic","classroom","success","sexual","electron","chang","innov"
"engag","committe","north","macarthur","process","realiti","professor","reflect","global","practic","product","challeng"
"photo","institut","project","share","institut","audio","grade","share","engag","project","write","review"
